<vdex profileType="flatTokenTerms" xmlns="http://www.imsglobal.org/xsd/imsvdex_v1p0" xmlns:xsi="http://www.w3.org/2001/XMLSchema-instance" xsi:schemaLocation="http://www.imsglobal.org/xsd/imsvdex_v1p0 http://www.imsglobal.org/xsd/imsvdex_v1p0_flat.xsd http://purl.org/dc/elements/1.1/ http://www.xcri.co.uk/bindings/dc.xsd" xmlns:dc="http://purl.org/dc/elements/1.1/">
<vocabName>
	<langstring>List of Accrediting Bodies used in the KIS, Accreditation.ACCBODYID</langstring>
</vocabName>
<vocabIdentifier>http://xcri.org/profiles/catalog/1.2/accreditedBy</vocabIdentifier>
	<term>
		<termIdentifier>001</termIdentifier>
		<caption>
			<langstring>Architects Registration Board (ARB)</langstring>
		</caption>
	</term>
	<term>
		<termIdentifier>002</termIdentifier>
		<caption>
			<langstring>Archives and Records Association (ARA)</langstring>
		</caption>
	</term>
	<term>
		<termIdentifier>003</termIdentifier>
		<caption>
			<langstring>Association for Nutrition</langstring>
		</caption>
	</term>
	<term>
		<termIdentifier>004</termIdentifier>
		<caption>
			<langstring>Association for Project Management (APM)</langstring>
		</caption>
	</term>
	<term>
		<termIdentifier>005</termIdentifier>
		<caption>
			<langstring>Association of Accounting Technicians (AAT)</langstring>
		</caption>
	</term>
	<term>
		<termIdentifier>006</termIdentifier>
		<caption>
			<langstring>Association of Chartered Certified Accountants (ACCA)</langstring>
		</caption>
	</term>
	<term>
		<termIdentifier>007</termIdentifier>
		<caption>
			<langstring>Association of International Accountants (AIA)</langstring>
		</caption>
	</term>
	<term>
		<termIdentifier>008</termIdentifier>
		<caption>
			<langstring>Association of MBAs (AMBA)</langstring>
		</caption>
	</term>
	<term>
		<termIdentifier>009</termIdentifier>
		<caption>
			<langstring>Association to Advance Collegiate Schools of Business (AACSB)</langstring>
		</caption>
	</term>
	<term>
		<termIdentifier>010</termIdentifier>
		<caption>
			<langstring>Bar Council</langstring>
		</caption>
	</term>
	<term>
		<termIdentifier>011</termIdentifier>
		<caption>
			<langstring>BCS the Chartered Institute for IT</langstring>
		</caption>
	</term>
	<term>
		<termIdentifier>012</termIdentifier>
		<caption>
			<langstring>Board of Quantity Surveyors Malaysia (BQSM)</langstring>
		</caption>
	</term>
	<term>
		<termIdentifier>013</termIdentifier>
		<caption>
			<langstring>British Acupuncture Accreditation Board (BAAB)</langstring>
		</caption>
	</term>
	<term>
		<termIdentifier>014</termIdentifier>
		<caption>
			<langstring>British Association for Counselling &amp; Psychotherapy (BACP)</langstring>
		</caption>
	</term>
	<term>
		<termIdentifier>015</termIdentifier>
		<caption>
			<langstring>British Association of Art Therapists (BAAT)</langstring>
		</caption>
	</term>
	<term>
		<termIdentifier>016</termIdentifier>
		<caption>
			<langstring>British Association of Lecturers in English for Academic Purposes (BALEAP)</langstring>
		</caption>
	</term>
	<term>
		<termIdentifier>017</termIdentifier>
		<caption>
			<langstring>British Association of Occupational Therapists and College of Occupational Therapists (BAOT)</langstring>
		</caption>
	</term>
	<term>
		<termIdentifier>018</termIdentifier>
		<caption>
			<langstring>British Association of Sport and Exercise Science (BASES) </langstring>
		</caption>
	</term>
	<term>
		<termIdentifier>019</termIdentifier>
		<caption>
			<langstring>British Dyslexia Association (BDA)</langstring>
		</caption>
	</term>
	<term>
		<termIdentifier>020</termIdentifier>
		<caption>
			<langstring>British Psychological Society (BPS)</langstring>
		</caption>
	</term>
	<term>
		<termIdentifier>021</termIdentifier>
		<caption>
			<langstring>Broadcast Journalism Training Council (BJTC)</langstring>
		</caption>
	</term>
	<term>
		<termIdentifier>022</termIdentifier>
		<caption>
			<langstring>Care Council for Wales</langstring>
		</caption>
	</term>
	<term>
		<termIdentifier>023</termIdentifier>
		<caption>
			<langstring>Chartered Accountants Ireland </langstring>
		</caption>
	</term>
	<term>
		<termIdentifier>024</termIdentifier>
		<caption>
			<langstring>Chartered Financial Analyst Institute (CFA)</langstring>
		</caption>
	</term>
	<term>
		<termIdentifier>025</termIdentifier>
		<caption>
			<langstring>Chartered Institute for Securities and Investment (CISI)</langstring>
		</caption>
	</term>
	<term>
		<termIdentifier>026</termIdentifier>
		<caption>
			<langstring>Chartered Institute of Arbitrators (CIArb)</langstring>
		</caption>
	</term>
	<term>
		<termIdentifier>027</termIdentifier>
		<caption>
			<langstring>Chartered Institute of Architectural Technologists (CIAT)</langstring>
		</caption>
	</term>
	<term>
		<termIdentifier>028</termIdentifier>
		<caption>
			<langstring>Chartered Institute of Building (CIOB)</langstring>
		</caption>
	</term>
	<term>
		<termIdentifier>029</termIdentifier>
		<caption>
			<langstring>Chartered Institute of Environmental Health (CIEH)</langstring>
		</caption>
	</term>
	<term>
		<termIdentifier>030</termIdentifier>
		<caption>
			<langstring>Chartered Institute of Highways &amp; Transportation (CIHT)</langstring>
		</caption>
	</term>
	<term>
		<termIdentifier>031</termIdentifier>
		<caption>
			<langstring>Chartered Institute of Housing (CIH)</langstring>
		</caption>
	</term>
	<term>
		<termIdentifier>032</termIdentifier>
		<caption>
			<langstring>Chartered Institute of Library and Information Professionals (CILIP)</langstring>
		</caption>
	</term>
	<term>
		<termIdentifier>033</termIdentifier>
		<caption>
			<langstring>Chartered Institute of Logistics and Transport (CILT)</langstring>
		</caption>
	</term>
	<term>
		<termIdentifier>034</termIdentifier>
		<caption>
			<langstring>Chartered Institute of Management Accountants (CIMA)</langstring>
		</caption>
	</term>
	<term>
		<termIdentifier>035</termIdentifier>
		<caption>
			<langstring>Chartered Institute of Marketing (CIM)</langstring>
		</caption>
	</term>
	<term>
		<termIdentifier>036</termIdentifier>
		<caption>
			<langstring>Chartered Institute of Personnel and Development (CIPD)</langstring>
		</caption>
	</term>
	<term>
		<termIdentifier>037</termIdentifier>
		<caption>
			<langstring>Chartered Institute of Public Finance &amp; Accountancy (CIPFA)</langstring>
		</caption>
	</term>
	<term>
		<termIdentifier>038</termIdentifier>
		<caption>
			<langstring>Chartered Institute of Public Relations (CIPR)</langstring>
		</caption>
	</term>
	<term>
		<termIdentifier>039</termIdentifier>
		<caption>
			<langstring>Chartered Institute of Purchasing and Supply (CIPS)</langstring>
		</caption>
	</term>
	<term>
		<termIdentifier>040</termIdentifier>
		<caption>
			<langstring>Chartered Institution of Building Services Engineers (CIBSE)</langstring>
		</caption>
	</term>
	<term>
		<termIdentifier>041</termIdentifier>
		<caption>
			<langstring>Chartered Institution of Wastes Management (CIWM)</langstring>
		</caption>
	</term>
	<term>
		<termIdentifier>042</termIdentifier>
		<caption>
			<langstring>Chartered Institution of Water and Environmental Management (CIWEM)</langstring>
		</caption>
	</term>
	<term>
		<termIdentifier>043</termIdentifier>
		<caption>
			<langstring>Chartered Insurance Institute (CII)</langstring>
		</caption>
	</term>
	<term>
		<termIdentifier>044</termIdentifier>
		<caption>
			<langstring>Chartered Management Institute (CMI)</langstring>
		</caption>
	</term>
	<term>
		<termIdentifier>045</termIdentifier>
		<caption>
			<langstring>Chartered Society of Designers (CSD)</langstring>
		</caption>
	</term>
	<term>
		<termIdentifier>046</termIdentifier>
		<caption>
			<langstring>Chartered Society of Physiotherapy (CSP)</langstring>
		</caption>
	</term>
	<term>
		<termIdentifier>047</termIdentifier>
		<caption>
			<langstring>College of Operating Department Practitioners (CODP)</langstring>
		</caption>
	</term>
	<term>
		<termIdentifier>048</termIdentifier>
		<caption>
			<langstring>Consortium for the Accreditation of Sonographic Education (CASE)</langstring>
		</caption>
	</term>
	<term>
		<termIdentifier>049</termIdentifier>
		<caption>
			<langstring>Council for Healthcare Regulatory Excellence (CHRE)</langstring>
		</caption>
	</term>
	<term>
		<termIdentifier>050</termIdentifier>
		<caption>
			<langstring>Education and Training Directorate (ETI)</langstring>
		</caption>
	</term>
	<term>
		<termIdentifier>051</termIdentifier>
		<caption>
			<langstring>Energy Institute (EI)</langstring>
		</caption>
	</term>
	<term>
		<termIdentifier>052</termIdentifier>
		<caption>
			<langstring>Engineering Council </langstring>
		</caption>
	</term>
	<term>
		<termIdentifier>053</termIdentifier>
		<caption>
			<langstring>Estyn</langstring>
		</caption>
	</term>
	<term>
		<termIdentifier>054</termIdentifier>
		<caption>
			<langstring>European Association of Establishments for Veterinary Education (EAEVE)</langstring>
		</caption>
	</term>
	<term>
		<termIdentifier>055</termIdentifier>
		<caption>
			<langstring>European Quality Improvement System (EQUIS)</langstring>
		</caption>
	</term>
	<term>
		<termIdentifier>056</termIdentifier>
		<caption>
			<langstring>Forensic Science Society (FSSoc)</langstring>
		</caption>
	</term>
	<term>
		<termIdentifier>057</termIdentifier>
		<caption>
			<langstring>General Chiropractic Council (GCC)</langstring>
		</caption>
	</term>
	<term>
		<termIdentifier>058</termIdentifier>
		<caption>
			<langstring>General Dental Council (GDC)</langstring>
		</caption>
	</term>
	<term>
		<termIdentifier>059</termIdentifier>
		<caption>
			<langstring>General Medical Council (GMC)</langstring>
		</caption>
	</term>
	<term>
		<termIdentifier>060</termIdentifier>
		<caption>
			<langstring>General Optical Council (GOC)</langstring>
		</caption>
	</term>
	<term>
		<termIdentifier>061</termIdentifier>
		<caption>
			<langstring>General Osteopathic Council (GOsC)</langstring>
		</caption>
	</term>
	<term>
		<termIdentifier>062</termIdentifier>
		<caption>
			<langstring>General Pharmaceutical Council (GPhC)</langstring>
		</caption>
	</term>
	<term>
		<termIdentifier>063</termIdentifier>
		<caption>
			<langstring>General Social Care Council (GSCC)</langstring>
		</caption>
	</term>
	<term>
		<termIdentifier>064</termIdentifier>
		<caption>
			<langstring>General Teaching Council for England (GTCE)</langstring>
		</caption>
	</term>
	<term>
		<termIdentifier>065</termIdentifier>
		<caption>
			<langstring>General Teaching Council for Northern Ireland (GTCNI)</langstring>
		</caption>
	</term>
	<term>
		<termIdentifier>066</termIdentifier>
		<caption>
			<langstring>General Teaching Council for Scotland (GTCS)</langstring>
		</caption>
	</term>
	<term>
		<termIdentifier>067</termIdentifier>
		<caption>
			<langstring>General Teaching Council for Wales (GTCW)</langstring>
		</caption>
	</term>
	<term>
		<termIdentifier>068</termIdentifier>
		<caption>
			<langstring>Geological Society</langstring>
		</caption>
	</term>
	<term>
		<termIdentifier>069</termIdentifier>
		<caption>
			<langstring>Health Professions Council (HPC)</langstring>
		</caption>
	</term>
	<term>
		<termIdentifier>070</termIdentifier>
		<caption>
			<langstring>Her Majesty's Inspectorate of Education (HMIe)</langstring>
		</caption>
	</term>
	<term>
		<termIdentifier>071</termIdentifier>
		<caption>
			<langstring>Higher Education Academy (HEA)</langstring>
		</caption>
	</term>
	<term>
		<termIdentifier>072</termIdentifier>
		<caption>
			<langstring>Institute and Faculty of Actuaries</langstring>
		</caption>
	</term>
	<term>
		<termIdentifier>073</termIdentifier>
		<caption>
			<langstring>Institute of Biomedical Science (IBMS)</langstring>
		</caption>
	</term>
	<term>
		<termIdentifier>074</termIdentifier>
		<caption>
			<langstring>Institute of Careers Guidance</langstring>
		</caption>
	</term>
	<term>
		<termIdentifier>075</termIdentifier>
		<caption>
			<langstring>Institute of Chartered Accountants in England and Wales (ICAEW)</langstring>
		</caption>
	</term>
	<term>
		<termIdentifier>076</termIdentifier>
		<caption>
			<langstring>Institute of Chartered Accountants in Scotland (ICAS)</langstring>
		</caption>
	</term>
	<term>
		<termIdentifier>077</termIdentifier>
		<caption>
			<langstring>Institute of Chartered Foresters (ICF)</langstring>
		</caption>
	</term>
	<term>
		<termIdentifier>078</termIdentifier>
		<caption>
			<langstring>Institute of Chartered Secretaries and Administrators (ICSA)</langstring>
		</caption>
	</term>
	<term>
		<termIdentifier>079</termIdentifier>
		<caption>
			<langstring>Institute of Environmental Management and Assessment (IEMA)</langstring>
		</caption>
	</term>
	<term>
		<termIdentifier>080</termIdentifier>
		<caption>
			<langstring>Institute of Food Science and Technology (IFST)</langstring>
		</caption>
	</term>
	<term>
		<termIdentifier>081</termIdentifier>
		<caption>
			<langstring>Institute of Highway Engineers (IHE)</langstring>
		</caption>
	</term>
	<term>
		<termIdentifier>082</termIdentifier>
		<caption>
			<langstring>Institute of Historic Building Conservation (IHBC)</langstring>
		</caption>
	</term>
	<term>
		<termIdentifier>083</termIdentifier>
		<caption>
			<langstring>Institute of Hospitality </langstring>
		</caption>
	</term>
	<term>
		<termIdentifier>084</termIdentifier>
		<caption>
			<langstring>Institute of Marine Engineering, Science and Technology (IMarEST)</langstring>
		</caption>
	</term>
	<term>
		<termIdentifier>085</termIdentifier>
		<caption>
			<langstring>Institute of Materials, Minerals and Mining (IOM3)</langstring>
		</caption>
	</term>
	<term>
		<termIdentifier>086</termIdentifier>
		<caption>
			<langstring>Institute of Mathematics and its Applications (IMA)</langstring>
		</caption>
	</term>
	<term>
		<termIdentifier>087</termIdentifier>
		<caption>
			<langstring>Institute of Measurement and Control (InstMC)</langstring>
		</caption>
	</term>
	<term>
		<termIdentifier>088</termIdentifier>
		<caption>
			<langstring>Institute of Physics &amp; Engineering in Medicine (IPEM)</langstring>
		</caption>
	</term>
	<term>
		<termIdentifier>089</termIdentifier>
		<caption>
			<langstring>Institute of Physics (IOP)</langstring>
		</caption>
	</term>
	<term>
		<termIdentifier>090</termIdentifier>
		<caption>
			<langstring>Institute of Water (IWater)</langstring>
		</caption>
	</term>
	<term>
		<termIdentifier>091</termIdentifier>
		<caption>
			<langstring>Institution of Agricultural Engineers (IAgrE)</langstring>
		</caption>
	</term>
	<term>
		<termIdentifier>092</termIdentifier>
		<caption>
			<langstring>Institution of Chemical Engineers (IChemE)</langstring>
		</caption>
	</term>
	<term>
		<termIdentifier>093</termIdentifier>
		<caption>
			<langstring>Institution of Civil Engineers (ICE)</langstring>
		</caption>
	</term>
	<term>
		<termIdentifier>094</termIdentifier>
		<caption>
			<langstring>Institution of Engineering and Technology (IET)</langstring>
		</caption>
	</term>
	<term>
		<termIdentifier>095</termIdentifier>
		<caption>
			<langstring>Institution of Engineering Designers (IED)</langstring>
		</caption>
	</term>
	<term>
		<termIdentifier>096</termIdentifier>
		<caption>
			<langstring>Institution of Environmental Sciences (IES)</langstring>
		</caption>
	</term>
	<term>
		<termIdentifier>097</termIdentifier>
		<caption>
			<langstring>Institution of Fire Engineers (IFE)</langstring>
		</caption>
	</term>
	<term>
		<termIdentifier>098</termIdentifier>
		<caption>
			<langstring>Institution of Gas Engineers and Managers (IGEM)</langstring>
		</caption>
	</term>
	<term>
		<termIdentifier>099</termIdentifier>
		<caption>
			<langstring>Institution of Mechanical Engineers (IMechE)</langstring>
		</caption>
	</term>
	<term>
		<termIdentifier>100</termIdentifier>
		<caption>
			<langstring>Institution of Structural Engineers (IStructE)</langstring>
		</caption>
	</term>
	<term>
		<termIdentifier>101</termIdentifier>
		<caption>
			<langstring>Joint Audio Media Education Services (JAMES)</langstring>
		</caption>
	</term>
	<term>
		<termIdentifier>102</termIdentifier>
		<caption>
			<langstring>Landscape Institute (LI)</langstring>
		</caption>
	</term>
	<term>
		<termIdentifier>103</termIdentifier>
		<caption>
			<langstring>Law Society of England and Wales</langstring>
		</caption>
	</term>
	<term>
		<termIdentifier>104</termIdentifier>
		<caption>
			<langstring>Law Society of Northern Ireland (LSNI)</langstring>
		</caption>
	</term>
	<term>
		<termIdentifier>105</termIdentifier>
		<caption>
			<langstring>Law Society of Scotland</langstring>
		</caption>
	</term>
	<term>
		<termIdentifier>106</termIdentifier>
		<caption>
			<langstring>Market Research Society (MRS)</langstring>
		</caption>
	</term>
	<term>
		<termIdentifier>107</termIdentifier>
		<caption>
			<langstring>National Council for Drama Training (NCDT)</langstring>
		</caption>
	</term>
	<term>
		<termIdentifier>108</termIdentifier>
		<caption>
			<langstring>National Council for the Training of Journalists (NCTJ)</langstring>
		</caption>
	</term>
	<term>
		<termIdentifier>109</termIdentifier>
		<caption>
			<langstring>National Youth Agency (NYA)</langstring>
		</caption>
	</term>
	<term>
		<termIdentifier>110</termIdentifier>
		<caption>
			<langstring>Northern Ireland Social Care Council (NISCC)</langstring>
		</caption>
	</term>
	<term>
		<termIdentifier>111</termIdentifier>
		<caption>
			<langstring>Nursing and Midwifery Council (NMC)</langstring>
		</caption>
	</term>
	<term>
		<termIdentifier>112</termIdentifier>
		<caption>
			<langstring>Nutrition Society (NS)</langstring>
		</caption>
	</term>
	<term>
		<termIdentifier>113</termIdentifier>
		<caption>
			<langstring>Office for Standards in Education, Children's Services and Skills (Ofsted)</langstring>
		</caption>
	</term>
	<term>
		<termIdentifier>114</termIdentifier>
		<caption>
			<langstring>Periodicals Training Council (PTC)</langstring>
		</caption>
	</term>
	<term>
		<termIdentifier>115</termIdentifier>
		<caption>
			<langstring>Pharmaceutical Society of Northern Ireland (PSNI)</langstring>
		</caption>
	</term>
	<term>
		<termIdentifier>116</termIdentifier>
		<caption>
			<langstring>Royal Aeronautical Society (RAeS)</langstring>
		</caption>
	</term>
	<term>
		<termIdentifier>117</termIdentifier>
		<caption>
			<langstring>Royal College of Obstetricians and Gynaecologists (RCOG)</langstring>
		</caption>
	</term>
	<term>
		<termIdentifier>118</termIdentifier>
		<caption>
			<langstring>Royal College of Psychiatrists (RC PSYCH)</langstring>
		</caption>
	</term>
	<term>
		<termIdentifier>119</termIdentifier>
		<caption>
			<langstring>Royal College of Speech and Language Therapists (RCSLT)</langstring>
		</caption>
	</term>
	<term>
		<termIdentifier>120</termIdentifier>
		<caption>
			<langstring>Royal College of Veterinary Surgeons (RCVS)</langstring>
		</caption>
	</term>
	<term>
		<termIdentifier>121</termIdentifier>
		<caption>
			<langstring>Royal Institute of British Architects (RIBA)</langstring>
		</caption>
	</term>
	<term>
		<termIdentifier>122</termIdentifier>
		<caption>
			<langstring>Royal Institution of Chartered Surveyors (RICS)</langstring>
		</caption>
	</term>
	<term>
		<termIdentifier>123</termIdentifier>
		<caption>
			<langstring>Royal Institution of Naval Architects (RINA)</langstring>
		</caption>
	</term>
	<term>
		<termIdentifier>124</termIdentifier>
		<caption>
			<langstring>Royal Meteorological Society (RMetS)</langstring>
		</caption>
	</term>
	<term>
		<termIdentifier>125</termIdentifier>
		<caption>
			<langstring>Royal Pharmaceutical Society of Great Britain (RPSGB)</langstring>
		</caption>
	</term>
	<term>
		<termIdentifier>126</termIdentifier>
		<caption>
			<langstring>Royal Society of Chemistry (RSC)</langstring>
		</caption>
	</term>
	<term>
		<termIdentifier>127</termIdentifier>
		<caption>
			<langstring>Royal Statistical Society (RSS)</langstring>
		</caption>
	</term>
	<term>
		<termIdentifier>128</termIdentifier>
		<caption>
			<langstring>Royal Town Planning Institute (RTPI)</langstring>
		</caption>
	</term>
	<term>
		<termIdentifier>129</termIdentifier>
		<caption>
			<langstring>Science Council</langstring>
		</caption>
	</term>
	<term>
		<termIdentifier>130</termIdentifier>
		<caption>
			<langstring>Scottish Social Services Council (SSSC)</langstring>
		</caption>
	</term>
	<term>
		<termIdentifier>131</termIdentifier>
		<caption>
			<langstring>Skillset </langstring>
		</caption>
	</term>
	<term>
		<termIdentifier>132</termIdentifier>
		<caption>
			<langstring>Society and College of Radiographers (SCoR)</langstring>
		</caption>
	</term>
	<term>
		<termIdentifier>133</termIdentifier>
		<caption>
			<langstring>Society for the Environment (SocEnv)</langstring>
		</caption>
	</term>
	<term>
		<termIdentifier>134</termIdentifier>
		<caption>
			<langstring>Society of Biology</langstring>
		</caption>
	</term>
	<term>
		<termIdentifier>135</termIdentifier>
		<caption>
			<langstring>Society of Operations Engineers (SOE)</langstring>
		</caption>
	</term>
	<term>
		<termIdentifier>136</termIdentifier>
		<caption>
			<langstring>Solicitors Regulation Authority (SRA)</langstring>
		</caption>
	</term>
	<term>
		<termIdentifier>137</termIdentifier>
		<caption>
			<langstring>Standards Council for Scotland</langstring>
		</caption>
	</term>
	<term>
		<termIdentifier>138</termIdentifier>
		<caption>
			<langstring>Standards Verification UK (SVUK)</langstring>
		</caption>
	</term>
	<term>
		<termIdentifier>139</termIdentifier>
		<caption>
			<langstring>the Teaching Agency (TA)</langstring>
		</caption>
	</term>
	<term>
		<termIdentifier>140</termIdentifier>
		<caption>
			<langstring>American Veterinary Medical Association (AVMA)</langstring>
		</caption>
	</term>
	<term>
		<termIdentifier>141</termIdentifier>
		<caption>
			<langstring>Association of Building Engineers</langstring>
		</caption>
	</term>
	<term>
		<termIdentifier>142</termIdentifier>
		<caption>
			<langstring>British Association of Sport Rehabilitators and Trainers (BASRaT)</langstring>
		</caption>
	</term>
	<term>
		<termIdentifier>143</termIdentifier>
		<caption>
			<langstring>British Institute of Professional Photography (BIPP)</langstring>
		</caption>
	</term>
	<term>
		<termIdentifier>144</termIdentifier>
		<caption>
			<langstring>Chartered Institution of Civil Engineering Surveyors (CICES)</langstring>
		</caption>
	</term>
	<term>
		<termIdentifier>145</termIdentifier>
		<caption>
			<langstring>European Herbal and Traditional Practitioners Association (EHTPA)</langstring>
		</caption>
	</term>
	<term>
		<termIdentifier>146</termIdentifier>
		<caption>
			<langstring>Institute of Chartered Shipbrokers (ICS)</langstring>
		</caption>
	</term>
	<term>
		<termIdentifier>147</termIdentifier>
		<caption>
			<langstring>Institute of Chemistry in Ireland</langstring>
		</caption>
	</term>
	<term>
		<termIdentifier>148</termIdentifier>
		<caption>
			<langstring>Institute of Financial Accountants (IFA)</langstring>
		</caption>
	</term>
	<term>
		<termIdentifier>149</termIdentifier>
		<caption>
			<langstring>Institute of Travel and Tourism (ITT)</langstring>
		</caption>
	</term>
	<term>
		<termIdentifier>150</termIdentifier>
		<caption>
			<langstring>Maritime and Coastguard Agency (MCA)</langstring>
		</caption>
	</term>
	<term>
		<termIdentifier>151</termIdentifier>
		<caption>
			<langstring>Merchant Navy Training Board (MNTB)</langstring>
		</caption>
	</term>
	<term>
		<termIdentifier>152</termIdentifier>
		<caption>
			<langstring>Royal Meteorological Society (RMetS)</langstring>
		</caption>
	</term>
	<term>
		<termIdentifier>153</termIdentifier>
		<caption>
			<langstring>SkillsActive</langstring>
		</caption>
	</term>
	<term>
		<termIdentifier>154</termIdentifier>
		<caption>
			<langstring>The Church of Scotland</langstring>
		</caption>
	</term>
	<term>
		<termIdentifier>155</termIdentifier>
		<caption>
			<langstring>The College of Optometrists (Copt)</langstring>
		</caption>
	</term>
	<term>
		<termIdentifier>156</termIdentifier>
		<caption>
			<langstring>The Institute of Brewing and Distilling (IBD)</langstring>
		</caption>
	</term>
	<term>
		<termIdentifier>157</termIdentifier>
		<caption>
			<langstring>The Institute of Ergonomics and Human Factors (IEHF)</langstring>
		</caption>
	</term>
	<term>
		<termIdentifier>158</termIdentifier>
		<caption>
			<langstring>The Institute of Occupational Safety and Health (IOSH)</langstring>
		</caption>
	</term>
	<term>
		<termIdentifier>159</termIdentifier>
		<caption>
			<langstring>The Institute of Translation and Interpreting (ITI)</langstring>
		</caption>
	</term>
	<term>
		<termIdentifier>160</termIdentifier>
		<caption>
			<langstring>The Society of Fire Protection Engineers</langstring>
		</caption>
	</term>
	<term>
		<termIdentifier>161</termIdentifier>
		<caption>
			<langstring>The Society of Sports Therapists</langstring>
		</caption>
	</term>
	<term>
		<termIdentifier>162</termIdentifier>
		<caption>
			<langstring>The Trading Standards Institute</langstring>
		</caption>
	</term>
	<metadata><dc:source>http://www.hesa.ac.uk/component/option,com_studrec/task,show_file/Itemid,233/mnl,12061/href,accreditation_list.html/</dc:source></metadata>
	<metadata><dc:creator>http://www.hesa.ac.uk/</dc:creator></metadata>
	<metadata><dc:description>Details of the accrediting bodies listed in Accreditation.ACCBODYID for use with the KIS. This VDEX version created by Jennifer Denton, APS Ltd, 2012-04-25.</dc:description></metadata>
	<metadata><dc:format>VDEX flat file</dc:format></metadata>
	<metadata><dc:publisher>APS Ltd</dc:publisher></metadata>
	<metadata><dc:title>List of accrediting bodies, v1.1</dc:title></metadata>
	<metadata><dc:date>2012-03-29</dc:date></metadata>
	<metadata><dc:subject>Accrediting bodies</dc:subject></metadata>
	<metadata><dc:subject>vocabulary</dc:subject></metadata>
</vdex>
