<?xml version="1.0" encoding="UTF-8"?>
<vdex profileType="flatTokenTerms" xmlns="http://www.imsglobal.org/xsd/imsvdex_v1p0" xmlns:xsi="http://www.w3.org/2001/XMLSchema-instance" xsi:schemaLocation="http://www.imsglobal.org/xsd/imsvdex_v1p0 http://www.imsglobal.org/xsd/imsvdex_v1p0_flat.xsd http://purl.org/dc/elements/1.1/ http://www.xcri.co.uk/bindings/dc.xsd" xmlns:dc="http://purl.org/dc/elements/1.1/">
<vocabName>
	<langstring>Attendance Pattern for Course Data Programme</langstring>
    <langstring>Licence: Open Government Licence (OGL), v1.0. A general attribution statement is sufficient, of the form: "Contains public sector information licensed under the Open Government Licence v1.0." Owner: APS Ltd</langstring>
</vocabName>
<vocabIdentifier>http://xcri.org/profiles/catalog/1.2/attendancePattern</vocabIdentifier>
<term>
	<termIdentifier>DT</termIdentifier>
	<caption><langstring>Daytime</langstring></caption>
    <description>
        <langstring>The opportunity takes place at some time roughly in the hours 9am to 5pm.</langstring>
    </description>
</term>
<term>
	<termIdentifier>EV</termIdentifier>
	<caption><langstring>Evening</langstring></caption>
    <description>
        <langstring>The opportunity takes place at 8pm or later.</langstring>
    </description>
</term>
<term>
	<termIdentifier>TW</termIdentifier>
	<caption><langstring>Twilight</langstring></caption>
    <description>
        <langstring>The opportunity takes place between 5pm and 8pm.</langstring>
    </description>
</term>
<term>
	<termIdentifier>DR</termIdentifier>
	<caption><langstring>Day/Block release</langstring></caption>
    <description>
        <langstring>The opportunity takes place over the course of a day or more of intensive study.</langstring>
    </description>
</term>
<term>
	<termIdentifier>WE</termIdentifier>
	<caption><langstring>Weekend</langstring></caption>
    <description>
        <langstring>The opportunity takes place on Saturday or Sunday.</langstring>
    </description>
</term>
<term>
	<termIdentifier>CS</termIdentifier>
	<caption><langstring>Customised</langstring></caption>
    <description>
        <langstring>The timetable for the learning opportunity is agreed with the learner.</langstring>
    </description>
</term>
    <metadata><dc:source>http://www.xcri.co.uk/vocabularies/attendancePattern2_1.xml</dc:source></metadata>
    <metadata><dc:creator>Jennifer Paull, APS Ltd</dc:creator></metadata>
    <metadata><dc:title>Attendance Pattern, v2.1</dc:title></metadata>
    <metadata><dc:date>2012-03-05</dc:date></metadata>
    <metadata><dc:subject>attendance pattern</dc:subject></metadata>
    <metadata><dc:subject>vocabulary</dc:subject></metadata>
</vdex>