<?xml version="1.0" encoding="UTF-8"?>
<vdex profileType="flatTokenTerms" xmlns="http://www.imsglobal.org/xsd/imsvdex_v1p0" xmlns:xsi="http://www.w3.org/2001/XMLSchema-instance" xsi:schemaLocation="http://www.imsglobal.org/xsd/imsvdex_v1p0 http://www.imsglobal.org/xsd/imsvdex_v1p0_flat.xsd http://purl.org/dc/elements/1.1/ http://www.xcri.co.uk/bindings/dc.xsd" xmlns:dc="http://purl.org/dc/elements/1.1/">
<vocabName>
	<langstring>Attendance Mode for Course Data Programme</langstring>
    <langstring>Licence: Open Government Licence (OGL), v1.0. A general attribution statement is sufficient, of the form: "Contains public sector information licensed under the Open Government Licence v1.0." Owner: APS Ltd</langstring>
</vocabName>
<vocabIdentifier>http://xcri.org/profiles/catalog/1.2/attendanceMode</vocabIdentifier>
<term>
	<termIdentifier>CM</termIdentifier>
	<caption><langstring>Campus</langstring></caption>
    <description>
        <langstring>Learner will be expected to attend at the venue for the bulk of their teaching time.</langstring>
    </description>
</term>
<term>
	<termIdentifier>DA</termIdentifier>
	<caption><langstring>Distance with attendance</langstring></caption>
    <description>
        <langstring>Primarily distance learning however the learner will be required to attend at the venue as necessary.</langstring>
    </description>
</term>
<term>
	<termIdentifier>DS</termIdentifier>
	<caption><langstring>Distance without attendance</langstring></caption>
    <description>
        <langstring>The learning opportunity does not require any attendance at the venue.</langstring>
    </description>
</term>
<term>
	<termIdentifier>MM</termIdentifier>
	<caption><langstring>Mixed mode</langstring></caption>
    <description>
        <langstring></langstring>
    </description>
</term>
<term>
	<termIdentifier>NC</termIdentifier>
	<caption><langstring>Face-to-face non-campus</langstring></caption>
    <description>
        <langstring>The learner undertakes the course off campus.</langstring>
    </description>
</term>
<term>
	<termIdentifier>ON</termIdentifier>
	<caption><langstring>Online (no attendance)</langstring></caption>
    <description>
        <langstring>The learner undertakes the course over the internet only.</langstring>
    </description>
</term>
    <term>
        <termIdentifier>WB</termIdentifier>
        <caption><langstring>Work-based</langstring></caption>
        <description>
            <langstring>The learner undertakes the course at their workplace.</langstring>
        </description>
    </term>
    <metadata><dc:source>http://www.xcri.co.uk/vocabularies/attendanceMode2_1.xml</dc:source></metadata>
    <metadata><dc:creator>Jennifer Paull, APS Ltd</dc:creator></metadata>
    <metadata><dc:title>Attendance Mode, v2.1</dc:title></metadata>
    <metadata><dc:date>2012-03-05</dc:date></metadata>
    <metadata><dc:subject>attendance mode</dc:subject></metadata>
    <metadata><dc:subject>vocabulary</dc:subject></metadata>
</vdex>