<?xml version="1.0" encoding="UTF-8"?>
<vdex xmlns="http://www.imsglobal.org/xsd/imsvdex_v1p0"
    xmlns:xsi="http://www.w3.org/2001/XMLSchema-instance"
    xsi:schemaLocation="http://www.imsglobal.org/xsd/imsvdex_v1p0 http://www.imsglobal.org/xsd/imsvdex_v1p0.xsd http://purl.org/dc/elements/1.1/ http://xcri.co.uk/bindings/dc.xsd" xmlns:dc="http://purl.org/dc/elements/1.1/" profileType="flatTokenTerms">
    <vocabName>
        <langstring>Course Type Component, version 1.0</langstring>
        <langstring>Licence: Open Government Licence (OGL), v1.0. A general attribution statement is sufficient, of the form: "Contains public sector information licensed under the Open Government Licence v1.0." Owner: APS Ltd</langstring>
    </vocabName>
    <vocabIdentifier>http://xcri.org/profiles/catalog/1.2/courseTypeComponent</vocabIdentifier>
    <term>
        <termIdentifier>1</termIdentifier>
        <caption>
            <langstring>Programme</langstring>
        </caption>
    </term>
    <term>
        <termIdentifier>2</termIdentifier>
        <caption>
            <langstring>Pathway</langstring>
        </caption>
    </term>
    <term>
        <termIdentifier>3</termIdentifier>
        <caption>
            <langstring>Stage</langstring>
        </caption>
    </term>
    <term>
        <termIdentifier>4</termIdentifier>
        <caption>
            <langstring>Year</langstring>
        </caption>
    </term>
    <term>
        <termIdentifier>5</termIdentifier>
        <caption>
            <langstring>Module</langstring>
        </caption>
    </term>
    <metadata><dc:creator>Alan Paull, APS Ltd</dc:creator></metadata>
    <metadata><dc:source>http://www.xcri.co.uk/vocabularies/courseTypeComponent1_0.xml</dc:source></metadata>
    <metadata><dc:title>Component course type vocabulary, v1.0</dc:title></metadata>
    <metadata><dc:date>2013-02-04</dc:date></metadata>
    <metadata><dc:subject>course type</dc:subject></metadata>
    <metadata><dc:subject>vocabulary</dc:subject></metadata>
</vdex>