<?xml version="1.0" encoding="UTF-8"?>
<vdex xmlns="http://www.imsglobal.org/xsd/imsvdex_v1p0"
    xmlns:xsi="http://www.w3.org/2001/XMLSchema-instance"
    xsi:schemaLocation="http://www.imsglobal.org/xsd/imsvdex_v1p0 http://www.imsglobal.org/xsd/imsvdex_v1p0.xsd http://purl.org/dc/elements/1.1/ http://xcri.co.uk/bindings/dc.xsd" xmlns:dc="http://purl.org/dc/elements/1.1/" profileType="flatTokenTerms">
    <vocabName>
        <langstring>Course Type General, version 1.0</langstring>
        <langstring>Licence: Open Government Licence (OGL), v1.0. A general attribution statement is sufficient, of the form: "Contains public sector information licensed under the Open Government Licence v1.0." Owner: APS Ltd</langstring>
    </vocabName>
    <vocabIdentifier>http://xcri.org/profiles/catalog/1.2/courseTypeGeneral</vocabIdentifier>
    <term>
        <termIdentifier>CPD</termIdentifier>
        <caption>
            <langstring>Continuing Professional Development</langstring>
        </caption>
    </term>
    <term>
        <termIdentifier>UGT</termIdentifier>
        <caption>
            <langstring>Undergraduate</langstring>
        </caption>
    </term>
    <term>
        <termIdentifier>PGT</termIdentifier>
        <caption>
            <langstring>Postgraduate</langstring>
        </caption>
    </term>
    <metadata><dc:creator>Alan Paull, APS Ltd</dc:creator></metadata>
    <metadata><dc:source>http://www.xcri.co.uk/vocabularies/courseTypeGeneral1_0.xml</dc:source></metadata>
    <metadata><dc:title>General course type vocabulary, v1.0</dc:title></metadata>
    <metadata><dc:date>2013-02-04</dc:date></metadata>
    <metadata><dc:subject>course type</dc:subject></metadata>
    <metadata><dc:subject>vocabulary</dc:subject></metadata>
</vdex>