<?xml version="1.0" encoding="UTF-8"?>
<vdex xmlns="http://www.imsglobal.org/xsd/imsvdex_v1p0"
    xmlns:xsi="http://www.w3.org/2001/XMLSchema-instance"
    xsi:schemaLocation="http://www.imsglobal.org/xsd/imsvdex_v1p0 http://www.imsglobal.org/xsd/imsvdex_v1p0.xsd http://purl.org/dc/elements/1.1/ http://xcri.co.uk/bindings/dc.xsd" xmlns:dc="http://purl.org/dc/elements/1.1/" profileType="flatTokenTerms">
    <vocabName>
        <langstring>Course Type CPD, version 1.0</langstring>
        <langstring>Licence: Open Government Licence (OGL), v1.0. A general attribution statement is sufficient, of the form: "Contains public sector information licensed under the Open Government Licence v1.0." Owner: APS Ltd</langstring>    </vocabName>
    <vocabIdentifier>http://xcri.org/profiles/catalog/1.2/courseTypeCPD</vocabIdentifier>
    <term>
        <termIdentifier>1</termIdentifier>
        <caption>
            <langstring>Class/Group based</langstring>
        </caption>
    </term>
    <term>
        <termIdentifier>2</termIdentifier>
        <caption>
            <langstring>Conference</langstring>
        </caption>
    </term>
    <term>
        <termIdentifier>3</termIdentifier>
        <caption>
            <langstring>Exhibition</langstring>
        </caption>
    </term>
    <term>
        <termIdentifier>4</termIdentifier>
        <caption>
            <langstring>Film</langstring>
        </caption>
    </term>
    <term>
        <termIdentifier>5</termIdentifier>
        <caption>
            <langstring>Meeting</langstring>
        </caption>
    </term>
    <term>
        <termIdentifier>6</termIdentifier>
        <caption>
            <langstring>Online/CBT</langstring>
        </caption>
    </term>
    <term>
        <termIdentifier>7</termIdentifier>
        <caption>
            <langstring>Open day</langstring>
        </caption>
    </term>
    <term>
        <termIdentifier>8</termIdentifier>
        <caption>
            <langstring>Performance</langstring>
        </caption>
    </term>
    <term>
        <termIdentifier>9</termIdentifier>
        <caption>
            <langstring>Research</langstring>
        </caption>
    </term>
    <term>
        <termIdentifier>10</termIdentifier>
        <caption>
            <langstring>Seminar/Workshop</langstring>
        </caption>
    </term>
    <term>
        <termIdentifier>11</termIdentifier>
        <caption>
            <langstring>Social event</langstring>
        </caption>
    </term>
    <term>
        <termIdentifier>12</termIdentifier>
        <caption>
            <langstring>Symposium</langstring>
        </caption>
    </term>
    <term>
        <termIdentifier>13</termIdentifier>
        <caption>
            <langstring>Talk/Lecture</langstring>
        </caption>
    </term>
    <term>
        <termIdentifier>14</termIdentifier>
        <caption>
            <langstring>Volunteer opportunity</langstring>
        </caption>
    </term>
    <term>
        <termIdentifier>15</termIdentifier>
        <caption>
            <langstring>Work based</langstring>
        </caption>
    </term>
    <metadata><dc:creator>Alan Paull, APS Ltd</dc:creator></metadata>
    <metadata><dc:source>http://www.xcri.co.uk/vocabularies/courseTypeCPD1_0.xml</dc:source></metadata>
    <metadata><dc:title>CPD course type vocabulary, v1.0</dc:title></metadata>
    <metadata><dc:date>2010-08-03</dc:date></metadata>
    <metadata><dc:subject>course type</dc:subject></metadata>
    <metadata><dc:subject>vocabulary</dc:subject></metadata>
</vdex>