<?xml version="1.0" encoding="UTF-8"?>
<vdex xmlns="http://www.imsglobal.org/xsd/imsvdex_v1p0"
    xmlns:xsi="http://www.w3.org/2001/XMLSchema-instance"
    xsi:schemaLocation="http://www.imsglobal.org/xsd/imsvdex_v1p0 http://www.imsglobal.org/xsd/imsvdex_v1p0.xsd http://purl.org/dc/elements/1.1/ http://xcri.co.uk/bindings/dc.xsd" xmlns:dc="http://purl.org/dc/elements/1.1/" profileType="flatTokenTerms">
    <vocabName>
        <langstring>Description types for XCRI-CAP 1.2; version 1.0</langstring>
        <langstring>Licence: Open Government Licence (OGL), v1.0. A general attribution statement is sufficient, of the form: "Contains public sector information licensed under the Open Government Licence v1.0." Owner: APS Ltd</langstring>
    </vocabName>
    <vocabIdentifier>http://xcri.org/profiles/catalog/1.2/descriptionType</vocabIdentifier>
    <term>
        <termIdentifier>careerOutcome</termIdentifier>
    </term>
    <term>
        <termIdentifier>contactHours</termIdentifier>
    </term>
    <term>
        <termIdentifier>contactPattern</termIdentifier>
    </term>
    <term>
        <termIdentifier>events</termIdentifier>
    </term>
    <term>
        <termIdentifier>indicativeResource</termIdentifier>
    </term>
    <term>
        <termIdentifier>leadsTo</termIdentifier>
    </term>
    <term>
        <termIdentifier>policy</termIdentifier>
    </term>
    <term>
        <termIdentifier>providedResource</termIdentifier>
    </term>
    <term>
        <termIdentifier>requiredResource</termIdentifier>
    </term>
    <term>
        <termIdentifier>specialFeature</termIdentifier>
    </term>
    <term>
        <termIdentifier>support</termIdentifier>
    </term>
    <term>
        <termIdentifier>structure</termIdentifier>
    </term>
    <term>
        <termIdentifier>studyHours</termIdentifier>
    </term>
    <term>
        <termIdentifier>teachingStrategy</termIdentifier>
    </term>
    <term>
        <termIdentifier>topic</termIdentifier>
    </term>
    <metadata><dc:creator>Alan Paull, APS Ltd</dc:creator></metadata>
    <metadata><dc:source>http://www.xcri.co.uk/vocabularies/descriptionType1_0.xml</dc:source></metadata>
    <metadata><dc:title>XCRI-CAP description type vocabulary, v1.0</dc:title></metadata>
    <metadata><dc:date>2012-03-29</dc:date></metadata>
    <metadata><dc:subject>description type</dc:subject></metadata>
    <metadata><dc:subject>vocabulary</dc:subject></metadata>
</vdex>