<?xml version="1.0" encoding="UTF-8"?>
<vdex xmlns="http://www.imsglobal.org/xsd/imsvdex_v1p0"
	xmlns:xsi="http://www.w3.org/2001/XMLSchema-instance"
	xsi:schemaLocation="http://www.imsglobal.org/xsd/imsvdex_v1p0 http://www.imsglobal.org/xsd/imsvdex_v1p0.xsd http://purl.org/dc/elements/1.1/ http://xcri.co.uk/bindings/dc.xsd" xmlns:dc="http://purl.org/dc/elements/1.1/" profileType="flatTokenTerms">
	<vocabName>
		<langstring>Valid language tags for Course Data Programme; from ISO-639-2</langstring>
	</vocabName>
	<vocabIdentifier>
http://xcri.org/profiles/catalog/1.2/valid-languages
	</vocabIdentifier>
	<term>
		<termIdentifier>aa</termIdentifier>
	</term>
	<term>
		<termIdentifier>ab</termIdentifier>
	</term>
	<term>
		<termIdentifier>ae</termIdentifier>
	</term>
	<term>
		<termIdentifier>af</termIdentifier>
	</term>
	<term>
		<termIdentifier>ak</termIdentifier>
	</term>
	<term>
		<termIdentifier>am</termIdentifier>
	</term>
	<term>
		<termIdentifier>an</termIdentifier>
	</term>
	<term>
		<termIdentifier>ar</termIdentifier>
	</term>
	<term>
		<termIdentifier>as</termIdentifier>
	</term>
	<term>
		<termIdentifier>av</termIdentifier>
	</term>
	<term>
		<termIdentifier>ay</termIdentifier>
	</term>
	<term>
		<termIdentifier>az</termIdentifier>
	</term>
	<term>
		<termIdentifier>ba</termIdentifier>
	</term>
	<term>
		<termIdentifier>be</termIdentifier>
	</term>
	<term>
		<termIdentifier>bg</termIdentifier>
	</term>
	<term>
		<termIdentifier>bh</termIdentifier>
	</term>
	<term>
		<termIdentifier>bi</termIdentifier>
	</term>
	<term>
		<termIdentifier>bm</termIdentifier>
	</term>
	<term>
		<termIdentifier>bn</termIdentifier>
	</term>
	<term>
		<termIdentifier>bo</termIdentifier>
	</term>
	<term>
		<termIdentifier>br</termIdentifier>
	</term>
	<term>
		<termIdentifier>bs</termIdentifier>
	</term>
	<term>
		<termIdentifier>ca</termIdentifier>
	</term>
	<term>
		<termIdentifier>ce</termIdentifier>
	</term>
	<term>
		<termIdentifier>ch</termIdentifier>
	</term>
	<term>
		<termIdentifier>co</termIdentifier>
	</term>
	<term>
		<termIdentifier>cr</termIdentifier>
	</term>
	<term>
		<termIdentifier>cs</termIdentifier>
	</term>
	<term>
		<termIdentifier>cu</termIdentifier>
	</term>
	<term>
		<termIdentifier>cv</termIdentifier>
	</term>
	<term>
		<termIdentifier>cy</termIdentifier>
	</term>
	<term>
		<termIdentifier>da</termIdentifier>
	</term>
	<term>
		<termIdentifier>de</termIdentifier>
	</term>
	<term>
		<termIdentifier>dv</termIdentifier>
	</term>
	<term>
		<termIdentifier>dz</termIdentifier>
	</term>
	<term>
		<termIdentifier>ee</termIdentifier>
	</term>
	<term>
		<termIdentifier>el</termIdentifier>
	</term>
	<term>
		<termIdentifier>en</termIdentifier>
	</term>
	<term>
		<termIdentifier>eo</termIdentifier>
	</term>
	<term>
		<termIdentifier>es</termIdentifier>
	</term>
	<term>
		<termIdentifier>et</termIdentifier>
	</term>
	<term>
		<termIdentifier>eu</termIdentifier>
	</term>
	<term>
		<termIdentifier>fa</termIdentifier>
	</term>
	<term>
		<termIdentifier>ff</termIdentifier>
	</term>
	<term>
		<termIdentifier>fi</termIdentifier>
	</term>
	<term>
		<termIdentifier>fj</termIdentifier>
	</term>
	<term>
		<termIdentifier>fo</termIdentifier>
	</term>
	<term>
		<termIdentifier>fr</termIdentifier>
	</term>
	<term>
		<termIdentifier>fy</termIdentifier>
	</term>
	<term>
		<termIdentifier>ga</termIdentifier>
	</term>
	<term>
		<termIdentifier>gd</termIdentifier>
	</term>
	<term>
		<termIdentifier>gl</termIdentifier>
	</term>
	<term>
		<termIdentifier>gn</termIdentifier>
	</term>
	<term>
		<termIdentifier>gu</termIdentifier>
	</term>
	<term>
		<termIdentifier>gv</termIdentifier>
	</term>
	<term>
		<termIdentifier>ha</termIdentifier>
	</term>
	<term>
		<termIdentifier>he</termIdentifier>
	</term>
	<term>
		<termIdentifier>hi</termIdentifier>
	</term>
	<term>
		<termIdentifier>ho</termIdentifier>
	</term>
	<term>
		<termIdentifier>hr</termIdentifier>
	</term>
	<term>
		<termIdentifier>ht</termIdentifier>
	</term>
	<term>
		<termIdentifier>hu</termIdentifier>
	</term>
	<term>
		<termIdentifier>hy</termIdentifier>
	</term>
	<term>
		<termIdentifier>hz</termIdentifier>
	</term>
	<term>
		<termIdentifier>ia</termIdentifier>
	</term>
	<term>
		<termIdentifier>id</termIdentifier>
	</term>
	<term>
		<termIdentifier>ie</termIdentifier>
	</term>
	<term>
		<termIdentifier>ig</termIdentifier>
	</term>
	<term>
		<termIdentifier>ii</termIdentifier>
	</term>
	<term>
		<termIdentifier>ik</termIdentifier>
	</term>
	<term>
		<termIdentifier>io</termIdentifier>
	</term>
	<term>
		<termIdentifier>is</termIdentifier>
	</term>
	<term>
		<termIdentifier>it</termIdentifier>
	</term>
	<term>
		<termIdentifier>iu</termIdentifier>
	</term>
	<term>
		<termIdentifier>ja</termIdentifier>
	</term>
	<term>
		<termIdentifier>jv</termIdentifier>
	</term>
	<term>
		<termIdentifier>ka</termIdentifier>
	</term>
	<term>
		<termIdentifier>kg</termIdentifier>
	</term>
	<term>
		<termIdentifier>ki</termIdentifier>
	</term>
	<term>
		<termIdentifier>kj</termIdentifier>
	</term>
	<term>
		<termIdentifier>kk</termIdentifier>
	</term>
	<term>
		<termIdentifier>kl</termIdentifier>
	</term>
	<term>
		<termIdentifier>km</termIdentifier>
	</term>
	<term>
		<termIdentifier>kn</termIdentifier>
	</term>
	<term>
		<termIdentifier>ko</termIdentifier>
	</term>
	<term>
		<termIdentifier>kr</termIdentifier>
	</term>
	<term>
		<termIdentifier>ks</termIdentifier>
	</term>
	<term>
		<termIdentifier>ku</termIdentifier>
	</term>
	<term>
		<termIdentifier>kv</termIdentifier>
	</term>
	<term>
		<termIdentifier>kw</termIdentifier>
	</term>
	<term>
		<termIdentifier>ky</termIdentifier>
	</term>
	<term>
		<termIdentifier>la</termIdentifier>
	</term>
	<term>
		<termIdentifier>lb</termIdentifier>
	</term>
	<term>
		<termIdentifier>lg</termIdentifier>
	</term>
	<term>
		<termIdentifier>li</termIdentifier>
	</term>
	<term>
		<termIdentifier>ln</termIdentifier>
	</term>
	<term>
		<termIdentifier>lo</termIdentifier>
	</term>
	<term>
		<termIdentifier>lt</termIdentifier>
	</term>
	<term>
		<termIdentifier>lu</termIdentifier>
	</term>
	<term>
		<termIdentifier>lv</termIdentifier>
	</term>
	<term>
		<termIdentifier>mg</termIdentifier>
	</term>
	<term>
		<termIdentifier>mh</termIdentifier>
	</term>
	<term>
		<termIdentifier>mi</termIdentifier>
	</term>
	<term>
		<termIdentifier>mk</termIdentifier>
	</term>
	<term>
		<termIdentifier>ml</termIdentifier>
	</term>
	<term>
		<termIdentifier>mn</termIdentifier>
	</term>
	<term>
		<termIdentifier>mr</termIdentifier>
	</term>
	<term>
		<termIdentifier>ms</termIdentifier>
	</term>
	<term>
		<termIdentifier>mt</termIdentifier>
	</term>
	<term>
		<termIdentifier>my</termIdentifier>
	</term>
	<term>
		<termIdentifier>na</termIdentifier>
	</term>
	<term>
		<termIdentifier>nb</termIdentifier>
	</term>
	<term>
		<termIdentifier>nd</termIdentifier>
	</term>
	<term>
		<termIdentifier>ne</termIdentifier>
	</term>
	<term>
		<termIdentifier>ng</termIdentifier>
	</term>
	<term>
		<termIdentifier>nl</termIdentifier>
	</term>
	<term>
		<termIdentifier>nn</termIdentifier>
	</term>
	<term>
		<termIdentifier>no</termIdentifier>
	</term>
	<term>
		<termIdentifier>nr</termIdentifier>
	</term>
	<term>
		<termIdentifier>nv</termIdentifier>
	</term>
	<term>
		<termIdentifier>ny</termIdentifier>
	</term>
	<term>
		<termIdentifier>oc</termIdentifier>
	</term>
	<term>
		<termIdentifier>oj</termIdentifier>
	</term>
	<term>
		<termIdentifier>om</termIdentifier>
	</term>
	<term>
		<termIdentifier>or</termIdentifier>
	</term>
	<term>
		<termIdentifier>os</termIdentifier>
	</term>
	<term>
		<termIdentifier>pa</termIdentifier>
	</term>
	<term>
		<termIdentifier>pi</termIdentifier>
	</term>
	<term>
		<termIdentifier>pl</termIdentifier>
	</term>
	<term>
		<termIdentifier>ps</termIdentifier>
	</term>
	<term>
		<termIdentifier>pt</termIdentifier>
	</term>
	<term>
		<termIdentifier>qu</termIdentifier>
	</term>
	<term>
		<termIdentifier>rm</termIdentifier>
	</term>
	<term>
		<termIdentifier>rn</termIdentifier>
	</term>
	<term>
		<termIdentifier>ro</termIdentifier>
	</term>
	<term>
		<termIdentifier>ru</termIdentifier>
	</term>
	<term>
		<termIdentifier>rw</termIdentifier>
	</term>
	<term>
		<termIdentifier>sa</termIdentifier>
	</term>
	<term>
		<termIdentifier>sc</termIdentifier>
	</term>
	<term>
		<termIdentifier>sd</termIdentifier>
	</term>
	<term>
		<termIdentifier>se</termIdentifier>
	</term>
	<term>
		<termIdentifier>sg</termIdentifier>
	</term>
	<term>
		<termIdentifier>si</termIdentifier>
	</term>
	<term>
		<termIdentifier>sk</termIdentifier>
	</term>
	<term>
		<termIdentifier>sl</termIdentifier>
	</term>
	<term>
		<termIdentifier>sm</termIdentifier>
	</term>
	<term>
		<termIdentifier>sn</termIdentifier>
	</term>
	<term>
		<termIdentifier>so</termIdentifier>
	</term>
	<term>
		<termIdentifier>sq</termIdentifier>
	</term>
	<term>
		<termIdentifier>sr</termIdentifier>
	</term>
	<term>
		<termIdentifier>ss</termIdentifier>
	</term>
	<term>
		<termIdentifier>st</termIdentifier>
	</term>
	<term>
		<termIdentifier>su</termIdentifier>
	</term>
	<term>
		<termIdentifier>sv</termIdentifier>
	</term>
	<term>
		<termIdentifier>sw</termIdentifier>
	</term>
	<term>
		<termIdentifier>ta</termIdentifier>
	</term>
	<term>
		<termIdentifier>te</termIdentifier>
	</term>
	<term>
		<termIdentifier>tg</termIdentifier>
	</term>
	<term>
		<termIdentifier>th</termIdentifier>
	</term>
	<term>
		<termIdentifier>ti</termIdentifier>
	</term>
	<term>
		<termIdentifier>tk</termIdentifier>
	</term>
	<term>
		<termIdentifier>tl</termIdentifier>
	</term>
	<term>
		<termIdentifier>tn</termIdentifier>
	</term>
	<term>
		<termIdentifier>to</termIdentifier>
	</term>
	<term>
		<termIdentifier>tr</termIdentifier>
	</term>
	<term>
		<termIdentifier>ts</termIdentifier>
	</term>
	<term>
		<termIdentifier>tt</termIdentifier>
	</term>
	<term>
		<termIdentifier>tw</termIdentifier>
	</term>
	<term>
		<termIdentifier>ty</termIdentifier>
	</term>
	<term>
		<termIdentifier>ug</termIdentifier>
	</term>
	<term>
		<termIdentifier>uk</termIdentifier>
	</term>
	<term>
		<termIdentifier>ur</termIdentifier>
	</term>
	<term>
		<termIdentifier>uz</termIdentifier>
	</term>
	<term>
		<termIdentifier>ve</termIdentifier>
	</term>
	<term>
		<termIdentifier>vi</termIdentifier>
	</term>
	<term>
		<termIdentifier>vo</termIdentifier>
	</term>
	<term>
		<termIdentifier>wa</termIdentifier>
	</term>
	<term>
		<termIdentifier>wo</termIdentifier>
	</term>
	<term>
		<termIdentifier>xh</termIdentifier>
	</term>
	<term>
		<termIdentifier>yi</termIdentifier>
	</term>
	<term>
		<termIdentifier>yo</termIdentifier>
	</term>
	<term>
		<termIdentifier>za</termIdentifier>
	</term>
	<term>
		<termIdentifier>zh</termIdentifier>
	</term>
	<term>
		<termIdentifier>zu</termIdentifier>
	</term>
	<metadata><dc:creator>This VDEX version by Craig Hawker</dc:creator></metadata>
	<metadata><dc:source>http://www.xcri.co.uk/vocabularies/languages.xml</dc:source></metadata>
	<metadata><dc:title>XCRI-CAP valid languages vocabulary; ISO-639-2</dc:title></metadata>
	<metadata><dc:date>2012-01-31</dc:date></metadata>
	<metadata><dc:subject>languages</dc:subject></metadata>
	<metadata><dc:subject>vocabulary</dc:subject></metadata>
</vdex>