<?xml version="1.0" encoding="UTF-8"?>
<vdex profileType="flatTokenTerms" xmlns="http://www.imsglobal.org/xsd/imsvdex_v1p0" xmlns:xsi="http://www.w3.org/2001/XMLSchema-instance" xsi:schemaLocation="http://www.imsglobal.org/xsd/imsvdex_v1p0 http://www.imsglobal.org/xsd/imsvdex_v1p0_flat.xsd http://purl.org/dc/elements/1.1/ http://www.xcri.co.uk/bindings/dc.xsd" xmlns:dc="http://purl.org/dc/elements/1.1/">
<vocabName>
	<langstring>Study Mode for Course Data Programme.</langstring>
    <langstring>Licence: Open Government Licence (OGL), v1.0. A general attribution statement is sufficient, of the form: "Contains public sector information licensed under the Open Government Licence v1.0." Owner: APS Ltd</langstring>
</vocabName>
<vocabIdentifier>http://xcri.org/profiles/catalog/1.2/studyMode</vocabIdentifier>
<term>
	<termIdentifier>NK</termIdentifier>
	<caption><langstring>Not known</langstring></caption>
    <description>
        <langstring>The study mode is not known.</langstring>
    </description>
</term>
 <term>
     <termIdentifier>FL</termIdentifier>
     <caption><langstring>Flexible</langstring></caption>
     <description>
         <langstring>Could be full time or part time dependent on the learner. </langstring>
     </description>
 </term>
 <term>
	<termIdentifier>FT</termIdentifier>
	<caption><langstring>Full time</langstring></caption>
    <description>
        <langstring>The learning opportunity is the learner's main activity.</langstring>
    </description>
</term>
<term>
	<termIdentifier>PF</termIdentifier>
	<caption><langstring>Part of a full time programme</langstring></caption>
    <description>
        <langstring>The learning opportunity is a component of a set of learning opportunities that form the learner's main activity. </langstring>
    </description>
</term>
<term>
	<termIdentifier>PT</termIdentifier>
	<caption><langstring>Part time</langstring></caption>
    <description>
        <langstring>The learning opportunity is not the learner's main activity</langstring>
    </description>
</term>
    <metadata><dc:source>http://www.xcri.co.uk/vocabularies/studyMode2_1.xml</dc:source></metadata>
    <metadata><dc:creator>Alan Paull, APS Ltd</dc:creator></metadata>
    <metadata><dc:title>Study Mode, v2.1</dc:title></metadata>
    <metadata><dc:date>2012-03-05</dc:date></metadata>
    <metadata><dc:subject>study mode</dc:subject></metadata>
    <metadata><dc:subject>vocabulary</dc:subject></metadata>
</vdex>